{
  "Inventory": [
    {
      "id": "ccc7",
      "name": "Dark matter particle",
      "price": 65500000000000
    },
    {
      "id": "be2a",
      "name": "Antimatter fraction",
      "price": 62500000000000
    },
    {
      "id": "1ce7",
      "name": "papaya",
      "price": 7800
    },
    {
      "id": "5d9c",
      "name": "cocacola2",
      "price": 5200
    },
    {
      "id": "9c66",
      "name": "Nevera",
      "price": 78945
    },
    {
      "id": "a5ef",
      "name": "Potasium unstable particle",
      "price": 789000000
    }
  ]
}